{
  "ents_f": 82.774821805,
  "ents_p": 83.0365775056,
  "ents_r": 82.5147111805,
  "las": 84.2771522993,
  "tags_acc": 94.38,
  "token_acc": 100.0,
  "uas": 87.2682462331
}